table	rows	compared_columns	compared_cells	max_absolute_error	max_relative_error	pass_	failed_columns	excluded_columns
C01_全部936项背景关联	936	12	11232	9.35918009759007e-14	1.910092881071687e-12	True		
C02_六属主成分整体关联	6	8	48	7.673861546209082e-13	3.4204386428521306e-13	True		
C03_六属整体差异	1	9	9	8.242295734817162e-13	3.050439062278618e-13	True		
C04_全部15组模式比较	15	7	105	7.105427357601002e-15	4.764489978556567e-13	True		
C05_全部156背景整体差异	156	5	780	7.105427357601002e-15	4.267683155446674e-13	True		
C06_全部2340项属间差异	2340	13	30420	8.881784197001252e-16	7.701756591942443e-13	True		
C07_整体差异稳健性	11	9	99	5.684341886080802e-14	3.6579710845342003e-16	True		
C08_分类支持度与覆盖	16	14	224	4.440892098500626e-16	1.4569205217251913e-13	True		
C09_重新注释ASV明细	1038	14	14532	0.0	0.0	True		
C10_参考库属标签	6	3	18	0.0	0.0	True		
C11_重新注释15组模式比较	30	8	240	4.04121180963557e-13	8.154817369566237e-13	True		
C12_三项差异阈值与分类复核	12	14	168	1.3322676295501878e-15	4.07339700596732e-13	True		
C13_三背景两目标效应量	24	7	168	1.7763568394002505e-15	1.0908968663514483e-15	True		
C14_重新注释PC整体关联	12	9	108	4.547473508864641e-13	2.021671599947086e-13	True		
C15_重新注释六属整体差异	2	13	26	2.8421709430404007e-13	8.681531472268939e-14	True		
archive/936原模型逐项重现.tsv	936	3	2808	0.0	0.0	True		
archive/分类计数逐样本.tsv	2748	19	52212	0.0	0.0	True		
archive/堆叠模型交叉核验.tsv	4	4	16	0.0	0.0	True		
archive/展示配对选择规则_完整家族q最小3项.tsv	3	13	39	0.0	0.0	True		
archive/模型数值诊断.tsv	48	9	432	0.0	0.0	True		
archive/表S22a_两背景整体差异.tsv	4	6	24	0.0	0.0	True		
archive/表S22b_两背景全部属间比较.tsv	60	14	840	0.0	0.0	True		
archive/表S22c_全部15组主成分向量比较.tsv	15	7	105	0.0	0.0	True		
archive/表S22d_两背景各属关联系数.tsv	24	8	192	0.0	0.0	True		
archive/表S22e_全部156背景属整体差异.tsv	156	5	780	0.0	0.0	True		
archive/表S22f_全部2340项背景属系数比较.tsv	2340	13	30420	0.0	0.0	True		
archive/表S23_整体差异稳健性.tsv	11	9	99	0.0	0.0	True		
archive/表S24a_重点背景属分类支持与覆盖.tsv	16	14	224	0.0	0.0	True		
archive/表S24b_重新注释候选ASV明细.tsv	1038	14	14532	0.0	0.0	True		
archive/表S24c_参考库属标签.tsv	6	3	18	0.0	0.0	True		
archive/表S24d_韦荣氏球菌属重新注释关联.tsv	12	8	96	2.4980018054066022e-15	8.416271475385806e-14	True		
archive/表S24e_韦荣氏球菌属重新注释属间比较.tsv	30	9	270	2.098321516541546e-14	1.1766611051574794e-12	True		
archive/表S24f_韦荣氏球菌属重新注释整体差异.tsv	2	4	8	1.6342482922482304e-13	5.984900857809124e-14	True		
archive/表S24g_重新注释15组整体模式比较.tsv	30	8	240	4.04121180963557e-13	7.210945625138331e-13	True		
archive/表S24h_三项突出差异的阈值与分类复核.tsv	12	14	168	1.3322676295501878e-15	3.9004609078829416e-13	True		
archive/表S24i_三背景两目标属效应量.tsv	24	7	168	1.3322676295501878e-15	1.0123416991335101e-15	True		
