code,worksheet,rows,columns,current_producer_script,current_pipeline_entry,current_output,current_verification_report,current_status,current_max_absolute_error,archive_output,archived_producer_scripts,archived_workbook_cells_match,archive_provenance_notes
C01,C01_全部936项背景关联,936,12,src/core/04_complete_background_differences.py,scripts/run_core.py,runs/core/refitted_936_associations.tsv,reports/core_verification.json,PASS,9.35918009759007e-14,data/archive/02_统计输入/冻结统计输入/single_genus_all_associations.tsv,data/archive/08_本轮方法复核/provenance/recovered_preparation/new_article/04_复现代码/association_models/fit_associations.py,True,C01 is 936 regressions; C02/C03 use standardized 10-PC scores and joint sandwich inference. Raw preparation and frozen-model-input reproduction are distinct stages.
C02,C02_六属主成分整体关联,6,8,src/core/01_genus_contrasts.py; src/core/06_validate_core.py,scripts/run_core.py,runs/core/refitted_primary_pc_blocks.tsv,reports/core_verification.json,PASS,7.673861546209082e-13,,data/archive/08_本轮方法复核/provenance/recovered_preparation/new_article/04_复现代码/association_models/fit_associations.py,True,C01 is 936 regressions; C02/C03 use standardized 10-PC scores and joint sandwich inference. Raw preparation and frozen-model-input reproduction are distinct stages.
C03,C03_六属整体差异,1,9,src/core/01_genus_contrasts.py; src/core/06_validate_core.py,scripts/run_core.py,runs/core/refitted_primary_pc_omnibus.tsv,reports/core_verification.json,PASS,8.242295734817162e-13,data/archive/01_核心统计/输入/03_分析与结果/association_models/pc_direct_cross_genus_heterogeneity.json,data/archive/08_本轮方法复核/provenance/recovered_preparation/new_article/04_复现代码/association_models/fit_associations.py,True,C01 is 936 regressions; C02/C03 use standardized 10-PC scores and joint sandwich inference. Raw preparation and frozen-model-input reproduction are distinct stages.
C04,C04_全部15组模式比较,15,7,src/core/01_genus_contrasts.py,scripts/run_core.py,runs/core/表S22c_全部15组主成分向量比较.tsv,reports/core_verification.json,PASS,7.105427357601002e-15,data/archive/01_核心统计/新增分析/表S22c_全部15组主成分向量比较.tsv,data/archive/01_核心统计/代码/01_genus_contrasts.py,True,
C05,C05_全部156背景整体差异,156,5,src/core/04_complete_background_differences.py,scripts/run_core.py,runs/core/表S22e_全部156背景属整体差异.tsv,reports/core_verification.json,PASS,7.105427357601002e-15,data/archive/01_核心统计/新增分析/表S22e_全部156背景属整体差异.tsv,data/archive/01_核心统计/代码/04_complete_background_differences.py,True,
C06,C06_全部2340项属间差异,2340,13,src/core/04_complete_background_differences.py,scripts/run_core.py,runs/core/表S22f_全部2340项背景属系数比较.tsv,reports/core_verification.json,PASS,8.881784197001252e-16,data/archive/01_核心统计/新增分析/表S22f_全部2340项背景属系数比较.tsv,data/archive/01_核心统计/代码/04_complete_background_differences.py,True,
C07,C07_整体差异稳健性,11,9,src/core/01_genus_contrasts.py,scripts/run_core.py,runs/core/表S23_整体差异稳健性.tsv,reports/core_verification.json,PASS,5.684341886080802e-14,data/archive/01_核心统计/新增分析/表S23_整体差异稳健性.tsv,data/archive/01_核心统计/代码/01_genus_contrasts.py,True,
C08,C08_分类支持度与覆盖,16,14,src/core/02_taxonomy_trace.py,scripts/run_core.py,runs/core/表S24a_重点背景属分类支持与覆盖.tsv,reports/core_verification.json,PASS,4.440892098500626e-16,data/archive/01_核心统计/新增分析/表S24a_重点背景属分类支持与覆盖.tsv,data/archive/01_核心统计/代码/02_taxonomy_trace.py,True,Uses archived R06/R07 full-ASV assignments/reference inventories and BIOM counts. Reconstructing these summaries is not fresh SINTAX sequence annotation.
C09,C09_重新注释ASV明细,1038,14,src/core/02_taxonomy_trace.py,scripts/run_core.py,runs/core/表S24b_重新注释候选ASV明细.tsv,reports/core_verification.json,PASS,0.0,data/archive/01_核心统计/新增分析/表S24b_重新注释候选ASV明细.tsv,data/archive/01_核心统计/代码/02_taxonomy_trace.py,True,Uses archived R06/R07 full-ASV assignments/reference inventories and BIOM counts. Reconstructing these summaries is not fresh SINTAX sequence annotation.
C10,C10_参考库属标签,6,3,src/core/02_taxonomy_trace.py,scripts/run_core.py,runs/core/表S24c_参考库属标签.tsv,reports/core_verification.json,PASS,0.0,data/archive/01_核心统计/新增分析/表S24c_参考库属标签.tsv,data/archive/01_核心统计/代码/02_taxonomy_trace.py,True,Uses archived R06/R07 full-ASV assignments/reference inventories and BIOM counts. Reconstructing these summaries is not fresh SINTAX sequence annotation.
C11,C11_重新注释15组模式比较,30,8,src/core/02b_refit_taxonomy_pc.py; src/core/03_taxonomy_PC_contrasts.py,scripts/run_core.py,runs/core/表S24g_重新注释15组整体模式比较.tsv,reports/core_verification.json,PASS,4.04121180963557e-13,data/archive/01_核心统计/新增分析/表S24g_重新注释15组整体模式比较.tsv,data/archive/01_核心统计/代码/03_taxonomy_PC_contrasts.py,True,Original archived implementation uses R06/R07 joint covariance NPZ. The current producer chain refits these arrays before computing contrasts.
C12,C12_三项差异阈值与分类复核,12,14,src/core/05_key_difference_sensitivity.py,scripts/run_core.py,runs/core/表S24h_三项突出差异的阈值与分类复核.tsv,reports/core_verification.json,PASS,1.3322676295501878e-15,data/archive/01_核心统计/新增分析/表S24h_三项突出差异的阈值与分类复核.tsv,data/archive/01_核心统计/代码/05_key_difference_sensitivity.py,True,
C13,C13_三背景两目标效应量,24,7,src/core/05_key_difference_sensitivity.py,scripts/run_core.py,runs/core/表S24i_三背景两目标属效应量.tsv,reports/core_verification.json,PASS,1.7763568394002505e-15,data/archive/01_核心统计/新增分析/表S24i_三背景两目标属效应量.tsv,data/archive/01_核心统计/代码/05_key_difference_sensitivity.py,True,
C14,C14_重新注释PC整体关联,12,9,src/core/02b_refit_taxonomy_pc.py,scripts/run_core.py,runs/core/refitted_taxonomy_pc_blocks.tsv,reports/core_verification.json,PASS,4.547473508864641e-13,,data/archive/08_本轮方法复核/provenance/recovered_preparation/new_article/04_复现代码/taxonomy_association_sensitivity.py,True,Original electronic output absent as standalone TSV/JSON in archive; numeric targets preserved in the archived core workbook. Archived R06/R07 model matrices permit model refits; full raw-preparation script also expects external annotation completion and raw predictor files.
C15,C15_重新注释六属整体差异,2,13,src/core/02b_refit_taxonomy_pc.py; src/core/06_validate_core.py,scripts/run_core.py,runs/core/refitted_taxonomy_pc_omnibus.tsv,reports/core_verification.json,PASS,2.8421709430404007e-13,,data/archive/08_本轮方法复核/provenance/recovered_preparation/new_article/04_复现代码/taxonomy_association_sensitivity.py,True,Original electronic output absent as standalone TSV/JSON in archive; numeric targets preserved in the archived core workbook. Archived R06/R07 model matrices permit model refits; full raw-preparation script also expects external annotation completion and raw predictor files.
A01,A01_检出后相对丰度,12,14,src/deepening/03_joint_states_abundance.py,scripts/run_deepening.py,runs/deepening/results/A01_检出后相对丰度.tsv,reports/deepening_validation.json,PASS,4.440892098500626e-16,data/archive/03_饮食与菌群深化/完整分析结果/A01_检出后相对丰度.tsv,data/archive/03_饮食与菌群深化/复现代码/common.py; data/archive/03_饮食与菌群深化/复现代码/03_joint_states_abundance.py,True,Original archived implementation and frozen output are retained for provenance. Current migrated producers and execution status are listed separately.
J01,J01_联合与菌科关联,16,15,src/deepening/03_joint_states_abundance.py,scripts/run_deepening.py,runs/deepening/results/J01_联合与菌科关联.tsv,reports/deepening_validation.json,PASS,6.661338147750939e-16,data/archive/03_饮食与菌群深化/完整分析结果/J01_联合与菌科关联.tsv,data/archive/03_饮食与菌群深化/复现代码/common.py; data/archive/03_饮食与菌群深化/复现代码/03_joint_states_abundance.py,True,Original archived implementation and frozen output are retained for provenance. Current migrated producers and execution status are listed separately.
J02,J02_联合与菌科直接差异,8,11,src/deepening/03_joint_states_abundance.py,scripts/run_deepening.py,runs/deepening/results/J02_联合与菌科直接差异.tsv,reports/deepening_validation.json,PASS,4.440892098500626e-16,data/archive/03_饮食与菌群深化/完整分析结果/J02_联合与菌科直接差异.tsv,data/archive/03_饮食与菌群深化/复现代码/common.py; data/archive/03_饮食与菌群深化/复现代码/03_joint_states_abundance.py,True,Original archived implementation and frozen output are retained for provenance. Current migrated producers and execution status are listed separately.
J03,J03_联合整体差异,4,5,src/deepening/03_joint_states_abundance.py,scripts/run_deepening.py,runs/deepening/results/J03_联合整体差异.tsv,reports/deepening_validation.json,PASS,7.105427357601002e-15,data/archive/03_饮食与菌群深化/完整分析结果/J03_联合整体差异.tsv,data/archive/03_饮食与菌群深化/复现代码/common.py; data/archive/03_饮食与菌群深化/复现代码/03_joint_states_abundance.py,True,Original archived implementation and frozen output are retained for provenance. Current migrated producers and execution status are listed separately.
L01,L01_同人检出变化全部规格,30,15,src/deepening/04_within_person.py,scripts/run_deepening.py,runs/deepening/results/L01_同人检出变化全部规格.tsv,reports/deepening_validation.json,PASS,8.881784197001252e-16,data/archive/03_饮食与菌群深化/完整分析结果/L01_同人检出变化全部规格.tsv,data/archive/03_饮食与菌群深化/复现代码/common.py; data/archive/03_饮食与菌群深化/复现代码/04_within_person.py,True,Original archived implementation and frozen output are retained for provenance. Current migrated producers and execution status are listed separately.
P01,P01_广泛饮食调整全部关联,48,15,src/deepening/00b_diet_pca.py; scripts/run_deepening.py,scripts/run_deepening.py,runs/deepening/results/P01_广泛饮食调整全部关联.tsv,reports/deepening_validation.json,PASS,6.661338147750939e-16,data/archive/02_统计输入/饮食预处理/更广泛饮食调整_全部六配对模型.tsv,data/archive/02_统计输入/饮食预处理/02_diet_core_pretest.py,True,Refits eight prespecified diet-adjustment specifications; food/nutrient PCA scores must be regenerated for end-to-end reproduction.
P02,P02_广泛饮食调整全部差异,24,10,src/deepening/00b_diet_pca.py; scripts/run_deepening.py,scripts/run_deepening.py,runs/deepening/results/P02_广泛饮食调整全部差异.tsv,reports/deepening_validation.json,PASS,1.1102230246251565e-16,data/archive/02_统计输入/饮食预处理/更广泛饮食调整_全部属间差异.tsv,data/archive/02_统计输入/饮食预处理/02_diet_core_pretest.py,True,Refits eight prespecified diet-adjustment specifications; food/nutrient PCA scores must be regenerated for end-to-end reproduction.
R01,R01_核心关联全部配套复核,72,14,src/deepening/06_core_robustness.py,scripts/run_deepening.py,runs/deepening/results/R01_核心关联全部配套复核.tsv,reports/deepening_validation.json,PASS,8.881784197001252e-16,data/archive/03_饮食与菌群深化/完整分析结果/R01_核心关联全部配套复核.tsv,data/archive/03_饮食与菌群深化/复现代码/common.py; data/archive/03_饮食与菌群深化/复现代码/06_core_robustness.py,True,Original archived implementation and frozen output are retained for provenance. Current migrated producers and execution status are listed separately.
R02,R02_核心差异全部配套复核,36,11,src/deepening/06_core_robustness.py,scripts/run_deepening.py,runs/deepening/results/R02_核心差异全部配套复核.tsv,reports/deepening_validation.json,PASS,1.1102230246251565e-16,data/archive/03_饮食与菌群深化/完整分析结果/R02_核心差异全部配套复核.tsv,data/archive/03_饮食与菌群深化/复现代码/common.py; data/archive/03_饮食与菌群深化/复现代码/06_core_robustness.py,True,Original archived implementation and frozen output are retained for provenance. Current migrated producers and execution status are listed separately.
R03,R03_性别背景交互,6,13,src/deepening/06_core_robustness.py,scripts/run_deepening.py,runs/deepening/results/R03_性别背景交互.tsv,reports/deepening_validation.json,PASS,4.440892098500626e-16,data/archive/03_饮食与菌群深化/完整分析结果/R03_性别背景交互.tsv,data/archive/03_饮食与菌群深化/复现代码/common.py; data/archive/03_饮食与菌群深化/复现代码/06_core_robustness.py,True,Original archived implementation and frozen output are retained for provenance. Current migrated producers and execution status are listed separately.
R04,R04_BMI非缺失分层关联,12,13,src/deepening/08_BMI_strata_resolution.py,scripts/run_deepening.py,runs/deepening/results/R04_BMI非缺失分层关联.tsv,reports/deepening_validation.json,PASS,4.440892098500626e-16,data/archive/03_饮食与菌群深化/完整分析结果/R04_BMI非缺失分层关联.tsv,data/archive/03_饮食与菌群深化/复现代码/common.py; data/archive/03_饮食与菌群深化/复现代码/08_BMI_strata_resolution.py,True,Original archived implementation and frozen output are retained for provenance. Current migrated producers and execution status are listed separately.
R05,R05_BMI非缺失分层属间差异,6,11,src/deepening/08_BMI_strata_resolution.py,scripts/run_deepening.py,runs/deepening/results/R05_BMI非缺失分层属间差异.tsv,reports/deepening_validation.json,PASS,2.220446049250313e-16,data/archive/03_饮食与菌群深化/完整分析结果/R05_BMI非缺失分层属间差异.tsv,data/archive/03_饮食与菌群深化/复现代码/common.py; data/archive/03_饮食与菌群深化/复现代码/08_BMI_strata_resolution.py,True,Original archived implementation and frozen output are retained for provenance. Current migrated producers and execution status are listed separately.
S01,S01_四种检出状态直接比较,24,13,src/deepening/03_joint_states_abundance.py,scripts/run_deepening.py,runs/deepening/results/S01_四种检出状态直接比较.tsv,reports/deepening_validation.json,PASS,6.661338147750939e-16,data/archive/03_饮食与菌群深化/完整分析结果/S01_四种检出状态直接比较.tsv,data/archive/03_饮食与菌群深化/复现代码/common.py; data/archive/03_饮食与菌群深化/复现代码/03_joint_states_abundance.py,True,Original archived implementation and frozen output are retained for provenance. Current migrated producers and execution status are listed separately.
S02,S02_四状态标准化概率,64,8,src/deepening/03_joint_states_abundance.py,scripts/run_deepening.py,runs/deepening/results/S02_四状态标准化概率.tsv,reports/deepening_validation.json,PASS,4.440892098500626e-16,data/archive/03_饮食与菌群深化/完整分析结果/S02_四状态标准化概率.tsv,data/archive/03_饮食与菌群深化/复现代码/common.py; data/archive/03_饮食与菌群深化/复现代码/03_joint_states_abundance.py,True,Original archived implementation and frozen output are retained for provenance. Current migrated producers and execution status are listed separately.
S03,S03_多项模型诊断,8,6,src/deepening/03_joint_states_abundance.py,scripts/run_deepening.py,runs/deepening/results/S03_多项模型诊断.tsv,reports/deepening_validation.json,PASS,0.0,data/archive/03_饮食与菌群深化/完整分析结果/S03_多项模型诊断.tsv,data/archive/03_饮食与菌群深化/复现代码/common.py; data/archive/03_饮食与菌群深化/复现代码/03_joint_states_abundance.py,True,Original archived implementation and frozen output are retained for provenance. Current migrated producers and execution status are listed separately.
V01,V01_ASV候选完整列表,11,6,src/deepening/05_asv.py,scripts/run_deepening.py,runs/deepening/results/V01_ASV候选完整列表.tsv,reports/deepening_validation.json,PASS,0.0,data/archive/03_饮食与菌群深化/完整分析结果/V01_ASV候选完整列表.tsv,data/archive/03_饮食与菌群深化/复现代码/common.py; data/archive/03_饮食与菌群深化/复现代码/05_asv.py,True,Original archived implementation and frozen output are retained for provenance. Current migrated producers and execution status are listed separately.
V02,V02_ASV完整关联,26,16,src/deepening/05_asv.py,scripts/run_deepening.py,runs/deepening/results/V02_ASV完整关联.tsv,reports/deepening_validation.json,PASS,6.661338147750939e-16,data/archive/03_饮食与菌群深化/完整分析结果/V02_ASV完整关联.tsv,data/archive/03_饮食与菌群深化/复现代码/common.py; data/archive/03_饮食与菌群深化/复现代码/05_asv.py,True,Original archived implementation and frozen output are retained for provenance. Current migrated producers and execution status are listed separately.
V03,V03_背景ASV属间差异,7,10,src/deepening/05_asv.py,scripts/run_deepening.py,runs/deepening/results/V03_背景ASV属间差异.tsv,reports/deepening_validation.json,PASS,1.1102230246251565e-16,data/archive/03_饮食与菌群深化/完整分析结果/V03_背景ASV属间差异.tsv,data/archive/03_饮食与菌群深化/复现代码/common.py; data/archive/03_饮食与菌群深化/复现代码/05_asv.py,True,Original archived implementation and frozen output are retained for provenance. Current migrated producers and execution status are listed separately.
N01,N01_核心敏感性汇总,24,13,src/sensitivity/diversity/run_diversity_audit.py; src/sensitivity/provenance/02_round_sensitivity.py; src/sensitivity/bloom/run_bloom_sensitivity.py; src/sensitivity/bloom/run_qc5000_sensitivity.py; scripts/validate_sensitivity.py,scripts/run_sensitivity.py; scripts/validate_sensitivity.py,runs/sensitivity/N01_regenerated_submission.tsv,reports/sensitivity_validation.json,PASS,5.082197683525802e-21,,data/archive/08_本轮方法复核/diversity/run_diversity_audit.py; data/archive/08_本轮方法复核/provenance/02_round_sensitivity.py; data/archive/08_本轮方法复核/bloom/run_bloom_sensitivity.py; data/archive/08_本轮方法复核/bloom/run_qc5000_sensitivity.py; data/archive/07_历史与诊断归档/整理记录/build_supplement_data.py,True,"Packaging of 24 rows: primary threshold 1; eight fixed scenarios, three backgrounds each. Packaging script does not fit models. Full 32-level round model is invalid and must not be substituted."
N02,N02_同人聚类复核,18,17,src/sensitivity/within_person/run_within_audit.py; scripts/validate_sensitivity.py,scripts/run_sensitivity.py; scripts/validate_sensitivity.py,runs/sensitivity/N02_regenerated_submission.tsv,reports/sensitivity_validation.json,PASS,4.440892098500626e-16,data/archive/08_本轮方法复核/within_person/within_person_cluster_results.csv,data/archive/08_本轮方法复核/within_person/run_within_audit.py; data/archive/07_历史与诊断归档/整理记录/build_supplement_data.py,True,"All 18 participant-clustered conditional-logit models; G/(G-1) correction, t(G-1). Workbook reorders/renames columns and adds explanation fields."
A02,A02_最高读数样本剔除复核,6,14,src/deepening/10_abundance_influence.py,scripts/run_deepening.py,runs/deepening/sex_results/A02_最高读数样本剔除复核.tsv,reports/deepening_validation.json,PASS,4.440892098500626e-16,data/archive/04_性别与高读数复核/新增分析结果/A02_最高读数样本剔除复核.tsv,data/archive/04_性别与高读数复核/复现代码/common.py; data/archive/04_性别与高读数复核/复现代码/08_abundance_influence.py,True,
H01,H01_性别内目标属关联,96,13,src/deepening/09_sex_contrasts.py,scripts/run_deepening.py,runs/deepening/sex_results/H01_性别内目标属关联.tsv,reports/deepening_validation.json,PASS,6.661338147750939e-16,data/archive/04_性别与高读数复核/新增分析结果/H01_性别内目标属关联.tsv,data/archive/04_性别与高读数复核/复现代码/common.py; data/archive/04_性别与高读数复核/复现代码/02_sex_contrasts.py,True,
H02,H02_属间差异及性别直接比较,72,13,src/deepening/09_sex_contrasts.py,scripts/run_deepening.py,runs/deepening/sex_results/H02_属间差异及性别直接比较.tsv,reports/deepening_validation.json,PASS,8.881784197001252e-16,data/archive/04_性别与高读数复核/新增分析结果/H02_属间差异及性别直接比较.tsv,data/archive/04_性别与高读数复核/复现代码/common.py; data/archive/04_性别与高读数复核/复现代码/02_sex_contrasts.py,True,
H03,H03_原性别交互复核,48,15,src/deepening/09_sex_contrasts.py,scripts/run_deepening.py,runs/deepening/sex_results/H03_原性别交互复核.tsv,reports/deepening_validation.json,PASS,6.661338147750939e-16,data/archive/04_性别与高读数复核/新增分析结果/H03_原性别交互复核.tsv,data/archive/04_性别与高读数复核/复现代码/common.py; data/archive/04_性别与高读数复核/复现代码/02_sex_contrasts.py,True,
M01,M01_额外协变量可用性,21,5,src/deepening/00c_metadata.py; src/deepening/validate_deepening.py,scripts/run_deepening.py,runs/deepening/sex_results/M01_额外协变量可用性.tsv,reports/deepening_validation.json,PASS,0.0,data/archive/04_性别与高读数复核/新增分析结果/M01_额外协变量可用性.json,data/archive/04_性别与高读数复核/复现代码/01_intake_audit.py,True,"Workbook is a 21-row flattened availability summary of five fields, not an inferential model."
